<ImportExportXml version="6.0.0000.1018" SolutionPackageVersion="6.0" languagecode="1033" generatedBy="CrmLive" xmlns:xsi="http://www.w3.org/2001/XMLSchema-instance">
  <SolutionManifest>
    <UniqueName>UWMedicineDemoSolution</UniqueName>
    <LocalizedNames>
      <LocalizedName description="UW Medicine Demo Solution" languagecode="1033" />
    </LocalizedNames>
    <Descriptions />
    <Version>1.0.0.0</Version>
    <Managed>0</Managed>
    <Publisher>
      <UniqueName>DefaultPublisheruwmedicinedemo</UniqueName>
      <LocalizedNames>
        <LocalizedName description="Default Publisher for uwmedicinedemo" languagecode="1033" />
      </LocalizedNames>
      <Descriptions>
        <Description description="Default publisher for this organization" languagecode="1033" />
      </Descriptions>
      <EMailAddress xsi:nil="true"></EMailAddress>
      <SupportingWebsiteUrl xsi:nil="true"></SupportingWebsiteUrl>
      <CustomizationPrefix>new</CustomizationPrefix>
      <CustomizationOptionValuePrefix>10000</CustomizationOptionValuePrefix>
      <Addresses>
        <Address>
          <AddressNumber>1</AddressNumber>
          <AddressTypeCode xsi:nil="true"></AddressTypeCode>
          <City xsi:nil="true"></City>
          <County xsi:nil="true"></County>
          <Country xsi:nil="true"></Country>
          <Fax xsi:nil="true"></Fax>
          <FreightTermsCode xsi:nil="true"></FreightTermsCode>
          <ImportSequenceNumber xsi:nil="true"></ImportSequenceNumber>
          <Latitude xsi:nil="true"></Latitude>
          <Line1 xsi:nil="true"></Line1>
          <Line2 xsi:nil="true"></Line2>
          <Line3 xsi:nil="true"></Line3>
          <Longitude xsi:nil="true"></Longitude>
          <Name xsi:nil="true"></Name>
          <PostalCode xsi:nil="true"></PostalCode>
          <PostOfficeBox xsi:nil="true"></PostOfficeBox>
          <PrimaryContactName xsi:nil="true"></PrimaryContactName>
          <ShippingMethodCode xsi:nil="true"></ShippingMethodCode>
          <StateOrProvince xsi:nil="true"></StateOrProvince>
          <Telephone1 xsi:nil="true"></Telephone1>
          <Telephone2 xsi:nil="true"></Telephone2>
          <Telephone3 xsi:nil="true"></Telephone3>
          <TimeZoneRuleVersionNumber xsi:nil="true"></TimeZoneRuleVersionNumber>
          <UPSZone xsi:nil="true"></UPSZone>
          <UTCOffset xsi:nil="true"></UTCOffset>
          <UTCConversionTimeZoneCode xsi:nil="true"></UTCConversionTimeZoneCode>
        </Address>
        <Address>
          <AddressNumber>2</AddressNumber>
          <AddressTypeCode xsi:nil="true"></AddressTypeCode>
          <City xsi:nil="true"></City>
          <County xsi:nil="true"></County>
          <Country xsi:nil="true"></Country>
          <Fax xsi:nil="true"></Fax>
          <FreightTermsCode xsi:nil="true"></FreightTermsCode>
          <ImportSequenceNumber xsi:nil="true"></ImportSequenceNumber>
          <Latitude xsi:nil="true"></Latitude>
          <Line1 xsi:nil="true"></Line1>
          <Line2 xsi:nil="true"></Line2>
          <Line3 xsi:nil="true"></Line3>
          <Longitude xsi:nil="true"></Longitude>
          <Name xsi:nil="true"></Name>
          <PostalCode xsi:nil="true"></PostalCode>
          <PostOfficeBox xsi:nil="true"></PostOfficeBox>
          <PrimaryContactName xsi:nil="true"></PrimaryContactName>
          <ShippingMethodCode xsi:nil="true"></ShippingMethodCode>
          <StateOrProvince xsi:nil="true"></StateOrProvince>
          <Telephone1 xsi:nil="true"></Telephone1>
          <Telephone2 xsi:nil="true"></Telephone2>
          <Telephone3 xsi:nil="true"></Telephone3>
          <TimeZoneRuleVersionNumber xsi:nil="true"></TimeZoneRuleVersionNumber>
          <UPSZone xsi:nil="true"></UPSZone>
          <UTCOffset xsi:nil="true"></UTCOffset>
          <UTCConversionTimeZoneCode xsi:nil="true"></UTCConversionTimeZoneCode>
        </Address>
      </Addresses>
    </Publisher>
    <RootComponents>
      <RootComponent type="1" schemaName="activitypointer" />
      <RootComponent type="1" schemaName="campaign" />
      <RootComponent type="1" schemaName="campaignactivity" />
      <RootComponent type="1" schemaName="campaignresponse" />
      <RootComponent type="1" schemaName="contact" />
      <RootComponent type="1" schemaName="list" />
      <RootComponent type="1" schemaName="msdyn_postalbum" />
      <RootComponent type="1" schemaName="msdyn_postconfig" />
      <RootComponent type="1" schemaName="msdyn_postruleconfig" />
      <RootComponent type="1" schemaName="msdyn_wallsavedquery" />
      <RootComponent type="1" schemaName="msdyn_wallsavedqueryusersettings" />
      <RootComponent type="1" schemaName="new_campaigncostitem" />
      <RootComponent type="1" schemaName="new_costingitem" />
      <RootComponent type="1" schemaName="new_subproject" />
      <RootComponent type="1" schemaName="service" />
      <RootComponent type="1" schemaName="systemuser" />
      <RootComponent type="9" schemaName="new_approvalstatus" />
      <RootComponent type="61" schemaName="msdyn_/ActivityFeeds.Form.js" />
      <RootComponent type="61" schemaName="msdyn_/RecordWall.htm" />
      <RootComponent type="62" />
    </RootComponents>
    <MissingDependencies>
      <MissingDependency>
        <Required key="0" type="1" schemaName="msdyn_wallsavedqueryusersettings" displayName="Filter" solution="ActivityFeedsCore (6.0.0.1018)" />
        <Dependent key="1" type="2" schemaName="modifiedby" displayName="Modified By" parentSchemaName="msdyn_wallsavedqueryusersettings" parentDisplayName="Filter" />
      </MissingDependency>
      <MissingDependency>
        <Required key="0" type="1" schemaName="msdyn_wallsavedqueryusersettings" displayName="Filter" solution="ActivityFeedsCore (6.0.0.1018)" />
        <Dependent key="2" type="2" schemaName="createdbyname" parentSchemaName="msdyn_wallsavedqueryusersettings" parentDisplayName="Filter" />
      </MissingDependency>
      <MissingDependency>
        <Required key="0" type="1" schemaName="msdyn_wallsavedqueryusersettings" displayName="Filter" solution="ActivityFeedsCore (6.0.0.1018)" />
        <Dependent key="3" type="2" schemaName="createdonbehalfby" displayName="Created By (Delegate)" parentSchemaName="msdyn_wallsavedqueryusersettings" parentDisplayName="Filter" />
      </MissingDependency>
      <MissingDependency>
        <Required key="0" type="1" schemaName="msdyn_wallsavedqueryusersettings" displayName="Filter" solution="ActivityFeedsCore (6.0.0.1018)" />
        <Dependent key="0" type="1" schemaName="msdyn_wallsavedqueryusersettings" displayName="Filter" />
      </MissingDependency>
      <MissingDependency>
        <Required key="0" type="1" schemaName="msdyn_wallsavedqueryusersettings" displayName="Filter" solution="ActivityFeedsCore (6.0.0.1018)" />
        <Dependent key="4" type="2" schemaName="owninguser" displayName="Owning User" parentSchemaName="msdyn_wallsavedqueryusersettings" parentDisplayName="Filter" />
      </MissingDependency>
      <MissingDependency>
        <Required key="0" type="1" schemaName="msdyn_wallsavedqueryusersettings" displayName="Filter" solution="ActivityFeedsCore (6.0.0.1018)" />
        <Dependent key="5" type="2" schemaName="createdonbehalfbyname" parentSchemaName="msdyn_wallsavedqueryusersettings" parentDisplayName="Filter" />
      </MissingDependency>
      <MissingDependency>
        <Required key="0" type="1" schemaName="msdyn_wallsavedqueryusersettings" displayName="Filter" solution="ActivityFeedsCore (6.0.0.1018)" />
        <Dependent key="0" type="1" schemaName="msdyn_wallsavedqueryusersettings" displayName="Filter" />
      </MissingDependency>
      <MissingDependency>
        <Required key="0" type="1" schemaName="msdyn_wallsavedqueryusersettings" displayName="Filter" solution="ActivityFeedsCore (6.0.0.1018)" />
        <Dependent key="6" type="2" schemaName="msdyn_isvirtualname" parentSchemaName="msdyn_wallsavedqueryusersettings" parentDisplayName="Filter" />
      </MissingDependency>
      <MissingDependency>
        <Required key="0" type="1" schemaName="msdyn_wallsavedqueryusersettings" displayName="Filter" solution="ActivityFeedsCore (6.0.0.1018)" />
        <Dependent key="7" type="2" schemaName="statecodename" parentSchemaName="msdyn_wallsavedqueryusersettings" parentDisplayName="Filter" />
      </MissingDependency>
      <MissingDependency>
        <Required key="0" type="1" schemaName="msdyn_wallsavedqueryusersettings" displayName="Filter" solution="ActivityFeedsCore (6.0.0.1018)" />
        <Dependent key="8" type="2" schemaName="createdbyyominame" parentSchemaName="msdyn_wallsavedqueryusersettings" parentDisplayName="Filter" />
      </MissingDependency>
      <MissingDependency>
        <Required key="0" type="1" schemaName="msdyn_wallsavedqueryusersettings" displayName="Filter" solution="ActivityFeedsCore (6.0.0.1018)" />
        <Dependent key="0" type="1" schemaName="msdyn_wallsavedqueryusersettings" displayName="Filter" />
      </MissingDependency>
      <MissingDependency>
        <Required key="0" type="1" schemaName="msdyn_wallsavedqueryusersettings" displayName="Filter" solution="ActivityFeedsCore (6.0.0.1018)" />
        <Dependent key="9" type="2" schemaName="createdby" displayName="Created By" parentSchemaName="msdyn_wallsavedqueryusersettings" parentDisplayName="Filter" />
      </MissingDependency>
      <MissingDependency>
        <Required key="0" type="1" schemaName="msdyn_wallsavedqueryusersettings" displayName="Filter" solution="ActivityFeedsCore (6.0.0.1018)" />
        <Dependent key="10" type="2" schemaName="createdonbehalfbyyominame" parentSchemaName="msdyn_wallsavedqueryusersettings" parentDisplayName="Filter" />
      </MissingDependency>
      <MissingDependency>
        <Required key="0" type="1" schemaName="msdyn_wallsavedqueryusersettings" displayName="Filter" solution="ActivityFeedsCore (6.0.0.1018)" />
        <Dependent key="11" type="2" schemaName="modifiedonbehalfbyname" parentSchemaName="msdyn_wallsavedqueryusersettings" parentDisplayName="Filter" />
      </MissingDependency>
      <MissingDependency>
        <Required key="0" type="1" schemaName="msdyn_wallsavedqueryusersettings" displayName="Filter" solution="ActivityFeedsCore (6.0.0.1018)" />
        <Dependent key="12" type="2" schemaName="msdyn_includewallinresponsename" parentSchemaName="msdyn_wallsavedqueryusersettings" parentDisplayName="Filter" />
      </MissingDependency>
      <MissingDependency>
        <Required key="0" type="1" schemaName="msdyn_wallsavedqueryusersettings" displayName="Filter" solution="ActivityFeedsCore (6.0.0.1018)" />
        <Dependent key="0" type="1" schemaName="msdyn_wallsavedqueryusersettings" displayName="Filter" />
      </MissingDependency>
      <MissingDependency>
        <Required key="0" type="1" schemaName="msdyn_wallsavedqueryusersettings" displayName="Filter" solution="ActivityFeedsCore (6.0.0.1018)" />
        <Dependent key="13" type="2" schemaName="owningbusinessunit" displayName="Owning Business Unit" parentSchemaName="msdyn_wallsavedqueryusersettings" parentDisplayName="Filter" />
      </MissingDependency>
      <MissingDependency>
        <Required key="0" type="1" schemaName="msdyn_wallsavedqueryusersettings" displayName="Filter" solution="ActivityFeedsCore (6.0.0.1018)" />
        <Dependent key="14" type="2" schemaName="versionnumber" parentSchemaName="msdyn_wallsavedqueryusersettings" parentDisplayName="Filter" />
      </MissingDependency>
      <MissingDependency>
        <Required key="0" type="1" schemaName="msdyn_wallsavedqueryusersettings" displayName="Filter" solution="ActivityFeedsCore (6.0.0.1018)" />
        <Dependent key="15" type="2" schemaName="modifiedbyname" parentSchemaName="msdyn_wallsavedqueryusersettings" parentDisplayName="Filter" />
      </MissingDependency>
      <MissingDependency>
        <Required key="0" type="1" schemaName="msdyn_wallsavedqueryusersettings" displayName="Filter" solution="ActivityFeedsCore (6.0.0.1018)" />
        <Dependent key="16" type="2" schemaName="modifiedonbehalfby" displayName="Modified By (Delegate)" parentSchemaName="msdyn_wallsavedqueryusersettings" parentDisplayName="Filter" />
      </MissingDependency>
      <MissingDependency>
        <Required key="0" type="1" schemaName="msdyn_wallsavedqueryusersettings" displayName="Filter" solution="ActivityFeedsCore (6.0.0.1018)" />
        <Dependent key="17" type="2" schemaName="msdyn_isvisiblename" parentSchemaName="msdyn_wallsavedqueryusersettings" parentDisplayName="Filter" />
      </MissingDependency>
      <MissingDependency>
        <Required key="0" type="1" schemaName="msdyn_wallsavedqueryusersettings" displayName="Filter" solution="ActivityFeedsCore (6.0.0.1018)" />
        <Dependent key="18" type="2" schemaName="owneridyominame" parentSchemaName="msdyn_wallsavedqueryusersettings" parentDisplayName="Filter" />
      </MissingDependency>
      <MissingDependency>
        <Required key="0" type="1" schemaName="msdyn_wallsavedqueryusersettings" displayName="Filter" solution="ActivityFeedsCore (6.0.0.1018)" />
        <Dependent key="0" type="1" schemaName="msdyn_wallsavedqueryusersettings" displayName="Filter" />
      </MissingDependency>
      <MissingDependency>
        <Required key="0" type="1" schemaName="msdyn_wallsavedqueryusersettings" displayName="Filter" solution="ActivityFeedsCore (6.0.0.1018)" />
        <Dependent key="19" type="2" schemaName="owneriddsc" parentSchemaName="msdyn_wallsavedqueryusersettings" parentDisplayName="Filter" />
      </MissingDependency>
      <MissingDependency>
        <Required key="0" type="1" schemaName="msdyn_wallsavedqueryusersettings" displayName="Filter" solution="ActivityFeedsCore (6.0.0.1018)" />
        <Dependent key="20" type="2" schemaName="owneridname" parentSchemaName="msdyn_wallsavedqueryusersettings" parentDisplayName="Filter" />
      </MissingDependency>
      <MissingDependency>
        <Required key="0" type="1" schemaName="msdyn_wallsavedqueryusersettings" displayName="Filter" solution="ActivityFeedsCore (6.0.0.1018)" />
        <Dependent key="21" type="2" schemaName="owneridtype" parentSchemaName="msdyn_wallsavedqueryusersettings" parentDisplayName="Filter" />
      </MissingDependency>
      <MissingDependency>
        <Required key="0" type="1" schemaName="msdyn_wallsavedqueryusersettings" displayName="Filter" solution="ActivityFeedsCore (6.0.0.1018)" />
        <Dependent key="0" type="1" schemaName="msdyn_wallsavedqueryusersettings" displayName="Filter" />
      </MissingDependency>
      <MissingDependency>
        <Required key="0" type="1" schemaName="msdyn_wallsavedqueryusersettings" displayName="Filter" solution="ActivityFeedsCore (6.0.0.1018)" />
        <Dependent key="0" type="1" schemaName="msdyn_wallsavedqueryusersettings" displayName="Filter" />
      </MissingDependency>
      <MissingDependency>
        <Required key="0" type="1" schemaName="msdyn_wallsavedqueryusersettings" displayName="Filter" solution="ActivityFeedsCore (6.0.0.1018)" />
        <Dependent key="22" type="2" schemaName="msdyn_isfollowingname" parentSchemaName="msdyn_wallsavedqueryusersettings" parentDisplayName="Filter" />
      </MissingDependency>
      <MissingDependency>
        <Required key="0" type="1" schemaName="msdyn_wallsavedqueryusersettings" displayName="Filter" solution="ActivityFeedsCore (6.0.0.1018)" />
        <Dependent key="23" type="2" schemaName="statuscodename" parentSchemaName="msdyn_wallsavedqueryusersettings" parentDisplayName="Filter" />
      </MissingDependency>
      <MissingDependency>
        <Required key="0" type="1" schemaName="msdyn_wallsavedqueryusersettings" displayName="Filter" solution="ActivityFeedsCore (6.0.0.1018)" />
        <Dependent key="24" type="2" schemaName="msdyn_wallsavedqueryidname" parentSchemaName="msdyn_wallsavedqueryusersettings" parentDisplayName="Filter" />
      </MissingDependency>
      <MissingDependency>
        <Required key="0" type="1" schemaName="msdyn_wallsavedqueryusersettings" displayName="Filter" solution="ActivityFeedsCore (6.0.0.1018)" />
        <Dependent key="25" type="2" schemaName="msdyn_useridname" parentSchemaName="msdyn_wallsavedqueryusersettings" parentDisplayName="Filter" />
      </MissingDependency>
      <MissingDependency>
        <Required key="0" type="1" schemaName="msdyn_wallsavedqueryusersettings" displayName="Filter" solution="ActivityFeedsCore (6.0.0.1018)" />
        <Dependent key="0" type="1" schemaName="msdyn_wallsavedqueryusersettings" displayName="Filter" />
      </MissingDependency>
      <MissingDependency>
        <Required key="0" type="1" schemaName="msdyn_wallsavedqueryusersettings" displayName="Filter" solution="ActivityFeedsCore (6.0.0.1018)" />
        <Dependent key="0" type="1" schemaName="msdyn_wallsavedqueryusersettings" displayName="Filter" />
      </MissingDependency>
      <MissingDependency>
        <Required key="0" type="1" schemaName="msdyn_wallsavedqueryusersettings" displayName="Filter" solution="ActivityFeedsCore (6.0.0.1018)" />
        <Dependent key="0" type="1" schemaName="msdyn_wallsavedqueryusersettings" displayName="Filter" />
      </MissingDependency>
      <MissingDependency>
        <Required key="0" type="1" schemaName="msdyn_wallsavedqueryusersettings" displayName="Filter" solution="ActivityFeedsCore (6.0.0.1018)" />
        <Dependent key="26" type="2" schemaName="ownerid" displayName="Owner" parentSchemaName="msdyn_wallsavedqueryusersettings" parentDisplayName="Filter" />
      </MissingDependency>
      <MissingDependency>
        <Required key="0" type="1" schemaName="msdyn_wallsavedqueryusersettings" displayName="Filter" solution="ActivityFeedsCore (6.0.0.1018)" />
        <Dependent key="27" type="2" schemaName="modifiedonbehalfbyyominame" parentSchemaName="msdyn_wallsavedqueryusersettings" parentDisplayName="Filter" />
      </MissingDependency>
      <MissingDependency>
        <Required key="0" type="1" schemaName="msdyn_wallsavedqueryusersettings" displayName="Filter" solution="ActivityFeedsCore (6.0.0.1018)" />
        <Dependent key="28" type="2" schemaName="owningteam" displayName="Owning Team" parentSchemaName="msdyn_wallsavedqueryusersettings" parentDisplayName="Filter" />
      </MissingDependency>
      <MissingDependency>
        <Required key="0" type="1" schemaName="msdyn_wallsavedqueryusersettings" displayName="Filter" solution="ActivityFeedsCore (6.0.0.1018)" />
        <Dependent key="0" type="1" schemaName="msdyn_wallsavedqueryusersettings" displayName="Filter" />
      </MissingDependency>
      <MissingDependency>
        <Required key="0" type="1" schemaName="msdyn_wallsavedqueryusersettings" displayName="Filter" solution="ActivityFeedsCore (6.0.0.1018)" />
        <Dependent key="0" type="1" schemaName="msdyn_wallsavedqueryusersettings" displayName="Filter" />
      </MissingDependency>
      <MissingDependency>
        <Required key="0" type="1" schemaName="msdyn_wallsavedqueryusersettings" displayName="Filter" solution="ActivityFeedsCore (6.0.0.1018)" />
        <Dependent key="0" type="1" schemaName="msdyn_wallsavedqueryusersettings" displayName="Filter" />
      </MissingDependency>
      <MissingDependency>
        <Required key="0" type="1" schemaName="msdyn_wallsavedqueryusersettings" displayName="Filter" solution="ActivityFeedsCore (6.0.0.1018)" />
        <Dependent key="29" type="2" schemaName="msdyn_useridyominame" parentSchemaName="msdyn_wallsavedqueryusersettings" parentDisplayName="Filter" />
      </MissingDependency>
      <MissingDependency>
        <Required key="0" type="1" schemaName="msdyn_wallsavedqueryusersettings" displayName="Filter" solution="ActivityFeedsCore (6.0.0.1018)" />
        <Dependent key="30" type="2" schemaName="modifiedbyyominame" parentSchemaName="msdyn_wallsavedqueryusersettings" parentDisplayName="Filter" />
      </MissingDependency>
      <MissingDependency>
        <Required key="31" type="1" schemaName="msdyn_wallsavedquery" displayName="Wall View" solution="ActivityFeedsCore (6.0.0.1018)" />
        <Dependent key="32" type="2" schemaName="createdonbehalfbyyominame" parentSchemaName="msdyn_wallsavedquery" parentDisplayName="Wall View" />
      </MissingDependency>
      <MissingDependency>
        <Required key="31" type="1" schemaName="msdyn_wallsavedquery" displayName="Wall View" solution="ActivityFeedsCore (6.0.0.1018)" />
        <Dependent key="33" type="2" schemaName="msdyn_postconfigurationidname" parentSchemaName="msdyn_wallsavedquery" parentDisplayName="Wall View" />
      </MissingDependency>
      <MissingDependency>
        <Required key="31" type="1" schemaName="msdyn_wallsavedquery" displayName="Wall View" solution="ActivityFeedsCore (6.0.0.1018)" />
        <Dependent key="34" type="2" schemaName="modifiedbyname" parentSchemaName="msdyn_wallsavedquery" parentDisplayName="Wall View" />
      </MissingDependency>
      <MissingDependency>
        <Required key="31" type="1" schemaName="msdyn_wallsavedquery" displayName="Wall View" solution="ActivityFeedsCore (6.0.0.1018)" />
        <Dependent key="35" type="2" schemaName="versionnumber" parentSchemaName="msdyn_wallsavedquery" parentDisplayName="Wall View" />
      </MissingDependency>
      <MissingDependency>
        <Required key="31" type="1" schemaName="msdyn_wallsavedquery" displayName="Wall View" solution="ActivityFeedsCore (6.0.0.1018)" />
        <Dependent key="36" type="2" schemaName="modifiedonbehalfbyname" parentSchemaName="msdyn_wallsavedquery" parentDisplayName="Wall View" />
      </MissingDependency>
      <MissingDependency>
        <Required key="31" type="1" schemaName="msdyn_wallsavedquery" displayName="Wall View" solution="ActivityFeedsCore (6.0.0.1018)" />
        <Dependent key="31" type="1" schemaName="msdyn_wallsavedquery" displayName="Wall View" />
      </MissingDependency>
      <MissingDependency>
        <Required key="31" type="1" schemaName="msdyn_wallsavedquery" displayName="Wall View" solution="ActivityFeedsCore (6.0.0.1018)" />
        <Dependent key="37" type="2" schemaName="createdbyname" parentSchemaName="msdyn_wallsavedquery" parentDisplayName="Wall View" />
      </MissingDependency>
      <MissingDependency>
        <Required key="31" type="1" schemaName="msdyn_wallsavedquery" displayName="Wall View" solution="ActivityFeedsCore (6.0.0.1018)" />
        <Dependent key="38" type="2" schemaName="createdby" displayName="Created By" parentSchemaName="msdyn_wallsavedquery" parentDisplayName="Wall View" />
      </MissingDependency>
      <MissingDependency>
        <Required key="31" type="1" schemaName="msdyn_wallsavedquery" displayName="Wall View" solution="ActivityFeedsCore (6.0.0.1018)" />
        <Dependent key="31" type="1" schemaName="msdyn_wallsavedquery" displayName="Wall View" />
      </MissingDependency>
      <MissingDependency>
        <Required key="31" type="1" schemaName="msdyn_wallsavedquery" displayName="Wall View" solution="ActivityFeedsCore (6.0.0.1018)" />
        <Dependent key="39" type="2" schemaName="modifiedby" displayName="Modified By" parentSchemaName="msdyn_wallsavedquery" parentDisplayName="Wall View" />
      </MissingDependency>
      <MissingDependency>
        <Required key="31" type="1" schemaName="msdyn_wallsavedquery" displayName="Wall View" solution="ActivityFeedsCore (6.0.0.1018)" />
        <Dependent key="40" type="2" schemaName="msdyn_isvisiblename" parentSchemaName="msdyn_wallsavedquery" parentDisplayName="Wall View" />
      </MissingDependency>
      <MissingDependency>
        <Required key="31" type="1" schemaName="msdyn_wallsavedquery" displayName="Wall View" solution="ActivityFeedsCore (6.0.0.1018)" />
        <Dependent key="31" type="1" schemaName="msdyn_wallsavedquery" displayName="Wall View" />
      </MissingDependency>
      <MissingDependency>
        <Required key="31" type="1" schemaName="msdyn_wallsavedquery" displayName="Wall View" solution="ActivityFeedsCore (6.0.0.1018)" />
        <Dependent key="41" type="2" schemaName="createdonbehalfbyname" parentSchemaName="msdyn_wallsavedquery" parentDisplayName="Wall View" />
      </MissingDependency>
      <MissingDependency>
        <Required key="31" type="1" schemaName="msdyn_wallsavedquery" displayName="Wall View" solution="ActivityFeedsCore (6.0.0.1018)" />
        <Dependent key="31" type="1" schemaName="msdyn_wallsavedquery" displayName="Wall View" />
      </MissingDependency>
      <MissingDependency>
        <Required key="31" type="1" schemaName="msdyn_wallsavedquery" displayName="Wall View" solution="ActivityFeedsCore (6.0.0.1018)" />
        <Dependent key="42" type="2" schemaName="modifiedonbehalfby" displayName="Modified By (Delegate)" parentSchemaName="msdyn_wallsavedquery" parentDisplayName="Wall View" />
      </MissingDependency>
      <MissingDependency>
        <Required key="31" type="1" schemaName="msdyn_wallsavedquery" displayName="Wall View" solution="ActivityFeedsCore (6.0.0.1018)" />
        <Dependent key="43" type="2" schemaName="statecodename" parentSchemaName="msdyn_wallsavedquery" parentDisplayName="Wall View" />
      </MissingDependency>
      <MissingDependency>
        <Required key="31" type="1" schemaName="msdyn_wallsavedquery" displayName="Wall View" solution="ActivityFeedsCore (6.0.0.1018)" />
        <Dependent key="44" type="2" schemaName="msdyn_isvirtualname" parentSchemaName="msdyn_wallsavedquery" parentDisplayName="Wall View" />
      </MissingDependency>
      <MissingDependency>
        <Required key="31" type="1" schemaName="msdyn_wallsavedquery" displayName="Wall View" solution="ActivityFeedsCore (6.0.0.1018)" />
        <Dependent key="31" type="1" schemaName="msdyn_wallsavedquery" displayName="Wall View" />
      </MissingDependency>
      <MissingDependency>
        <Required key="31" type="1" schemaName="msdyn_wallsavedquery" displayName="Wall View" solution="ActivityFeedsCore (6.0.0.1018)" />
        <Dependent key="31" type="1" schemaName="msdyn_wallsavedquery" displayName="Wall View" />
      </MissingDependency>
      <MissingDependency>
        <Required key="31" type="1" schemaName="msdyn_wallsavedquery" displayName="Wall View" solution="ActivityFeedsCore (6.0.0.1018)" />
        <Dependent key="45" type="2" schemaName="modifiedonbehalfbyyominame" parentSchemaName="msdyn_wallsavedquery" parentDisplayName="Wall View" />
      </MissingDependency>
      <MissingDependency>
        <Required key="31" type="1" schemaName="msdyn_wallsavedquery" displayName="Wall View" solution="ActivityFeedsCore (6.0.0.1018)" />
        <Dependent key="46" type="2" schemaName="createdbyyominame" parentSchemaName="msdyn_wallsavedquery" parentDisplayName="Wall View" />
      </MissingDependency>
      <MissingDependency>
        <Required key="31" type="1" schemaName="msdyn_wallsavedquery" displayName="Wall View" solution="ActivityFeedsCore (6.0.0.1018)" />
        <Dependent key="47" type="2" schemaName="statuscodename" parentSchemaName="msdyn_wallsavedquery" parentDisplayName="Wall View" />
      </MissingDependency>
      <MissingDependency>
        <Required key="31" type="1" schemaName="msdyn_wallsavedquery" displayName="Wall View" solution="ActivityFeedsCore (6.0.0.1018)" />
        <Dependent key="48" type="2" schemaName="organizationidname" parentSchemaName="msdyn_wallsavedquery" parentDisplayName="Wall View" />
      </MissingDependency>
      <MissingDependency>
        <Required key="31" type="1" schemaName="msdyn_wallsavedquery" displayName="Wall View" solution="ActivityFeedsCore (6.0.0.1018)" />
        <Dependent key="49" type="2" schemaName="organizationid" displayName="Organization Id" parentSchemaName="msdyn_wallsavedquery" parentDisplayName="Wall View" />
      </MissingDependency>
      <MissingDependency>
        <Required key="31" type="1" schemaName="msdyn_wallsavedquery" displayName="Wall View" solution="ActivityFeedsCore (6.0.0.1018)" />
        <Dependent key="31" type="1" schemaName="msdyn_wallsavedquery" displayName="Wall View" />
      </MissingDependency>
      <MissingDependency>
        <Required key="31" type="1" schemaName="msdyn_wallsavedquery" displayName="Wall View" solution="ActivityFeedsCore (6.0.0.1018)" />
        <Dependent key="50" type="2" schemaName="createdonbehalfby" displayName="Created By (Delegate)" parentSchemaName="msdyn_wallsavedquery" parentDisplayName="Wall View" />
      </MissingDependency>
      <MissingDependency>
        <Required key="31" type="1" schemaName="msdyn_wallsavedquery" displayName="Wall View" solution="ActivityFeedsCore (6.0.0.1018)" />
        <Dependent key="51" type="2" schemaName="modifiedbyyominame" parentSchemaName="msdyn_wallsavedquery" parentDisplayName="Wall View" />
      </MissingDependency>
      <MissingDependency>
        <Required key="31" type="1" schemaName="msdyn_wallsavedquery" displayName="Wall View" solution="ActivityFeedsCore (6.0.0.1018)" />
        <Dependent key="31" type="1" schemaName="msdyn_wallsavedquery" displayName="Wall View" />
      </MissingDependency>
      <MissingDependency>
        <Required key="31" type="1" schemaName="msdyn_wallsavedquery" displayName="Wall View" solution="ActivityFeedsCore (6.0.0.1018)" />
        <Dependent key="31" type="1" schemaName="msdyn_wallsavedquery" displayName="Wall View" />
      </MissingDependency>
      <MissingDependency>
        <Required key="31" type="1" schemaName="msdyn_wallsavedquery" displayName="Wall View" solution="ActivityFeedsCore (6.0.0.1018)" />
        <Dependent key="31" type="1" schemaName="msdyn_wallsavedquery" displayName="Wall View" />
      </MissingDependency>
      <MissingDependency>
        <Required key="52" type="1" schemaName="msdyn_postalbum" displayName="Profile Album" solution="ActivityFeedsCore (6.0.0.1018)" />
        <Dependent key="53" type="2" schemaName="createdonbehalfbyname" parentSchemaName="msdyn_postalbum" parentDisplayName="Profile Album" />
      </MissingDependency>
      <MissingDependency>
        <Required key="52" type="1" schemaName="msdyn_postalbum" displayName="Profile Album" solution="ActivityFeedsCore (6.0.0.1018)" />
        <Dependent key="52" type="1" schemaName="msdyn_postalbum" displayName="Profile Album" />
      </MissingDependency>
      <MissingDependency>
        <Required key="52" type="1" schemaName="msdyn_postalbum" displayName="Profile Album" solution="ActivityFeedsCore (6.0.0.1018)" />
        <Dependent key="52" type="1" schemaName="msdyn_postalbum" displayName="Profile Album" />
      </MissingDependency>
      <MissingDependency>
        <Required key="52" type="1" schemaName="msdyn_postalbum" displayName="Profile Album" solution="ActivityFeedsCore (6.0.0.1018)" />
        <Dependent key="52" type="1" schemaName="msdyn_postalbum" displayName="Profile Album" />
      </MissingDependency>
      <MissingDependency>
        <Required key="52" type="1" schemaName="msdyn_postalbum" displayName="Profile Album" solution="ActivityFeedsCore (6.0.0.1018)" />
        <Dependent key="52" type="1" schemaName="msdyn_postalbum" displayName="Profile Album" />
      </MissingDependency>
      <MissingDependency>
        <Required key="52" type="1" schemaName="msdyn_postalbum" displayName="Profile Album" solution="ActivityFeedsCore (6.0.0.1018)" />
        <Dependent key="54" type="2" schemaName="statuscodename" parentSchemaName="msdyn_postalbum" parentDisplayName="Profile Album" />
      </MissingDependency>
      <MissingDependency>
        <Required key="52" type="1" schemaName="msdyn_postalbum" displayName="Profile Album" solution="ActivityFeedsCore (6.0.0.1018)" />
        <Dependent key="52" type="1" schemaName="msdyn_postalbum" displayName="Profile Album" />
      </MissingDependency>
      <MissingDependency>
        <Required key="52" type="1" schemaName="msdyn_postalbum" displayName="Profile Album" solution="ActivityFeedsCore (6.0.0.1018)" />
        <Dependent key="52" type="1" schemaName="msdyn_postalbum" displayName="Profile Album" />
      </MissingDependency>
      <MissingDependency>
        <Required key="52" type="1" schemaName="msdyn_postalbum" displayName="Profile Album" solution="ActivityFeedsCore (6.0.0.1018)" />
        <Dependent key="55" type="2" schemaName="createdonbehalfby" displayName="Created By (Delegate)" parentSchemaName="msdyn_postalbum" parentDisplayName="Profile Album" />
      </MissingDependency>
      <MissingDependency>
        <Required key="52" type="1" schemaName="msdyn_postalbum" displayName="Profile Album" solution="ActivityFeedsCore (6.0.0.1018)" />
        <Dependent key="52" type="1" schemaName="msdyn_postalbum" displayName="Profile Album" />
      </MissingDependency>
      <MissingDependency>
        <Required key="52" type="1" schemaName="msdyn_postalbum" displayName="Profile Album" solution="ActivityFeedsCore (6.0.0.1018)" />
        <Dependent key="52" type="1" schemaName="msdyn_postalbum" displayName="Profile Album" />
      </MissingDependency>
      <MissingDependency>
        <Required key="52" type="1" schemaName="msdyn_postalbum" displayName="Profile Album" solution="ActivityFeedsCore (6.0.0.1018)" />
        <Dependent key="56" type="2" schemaName="owneridyominame" parentSchemaName="msdyn_postalbum" parentDisplayName="Profile Album" />
      </MissingDependency>
      <MissingDependency>
        <Required key="52" type="1" schemaName="msdyn_postalbum" displayName="Profile Album" solution="ActivityFeedsCore (6.0.0.1018)" />
        <Dependent key="57" type="2" schemaName="ownerid" displayName="Owner" parentSchemaName="msdyn_postalbum" parentDisplayName="Profile Album" />
      </MissingDependency>
      <MissingDependency>
        <Required key="52" type="1" schemaName="msdyn_postalbum" displayName="Profile Album" solution="ActivityFeedsCore (6.0.0.1018)" />
        <Dependent key="52" type="1" schemaName="msdyn_postalbum" displayName="Profile Album" />
      </MissingDependency>
      <MissingDependency>
        <Required key="52" type="1" schemaName="msdyn_postalbum" displayName="Profile Album" solution="ActivityFeedsCore (6.0.0.1018)" />
        <Dependent key="52" type="1" schemaName="msdyn_postalbum" displayName="Profile Album" />
      </MissingDependency>
      <MissingDependency>
        <Required key="52" type="1" schemaName="msdyn_postalbum" displayName="Profile Album" solution="ActivityFeedsCore (6.0.0.1018)" />
        <Dependent key="52" type="1" schemaName="msdyn_postalbum" displayName="Profile Album" />
      </MissingDependency>
      <MissingDependency>
        <Required key="52" type="1" schemaName="msdyn_postalbum" displayName="Profile Album" solution="ActivityFeedsCore (6.0.0.1018)" />
        <Dependent key="58" type="2" schemaName="modifiedbyyominame" parentSchemaName="msdyn_postalbum" parentDisplayName="Profile Album" />
      </MissingDependency>
      <MissingDependency>
        <Required key="52" type="1" schemaName="msdyn_postalbum" displayName="Profile Album" solution="ActivityFeedsCore (6.0.0.1018)" />
        <Dependent key="52" type="1" schemaName="msdyn_postalbum" displayName="Profile Album" />
      </MissingDependency>
      <MissingDependency>
        <Required key="52" type="1" schemaName="msdyn_postalbum" displayName="Profile Album" solution="ActivityFeedsCore (6.0.0.1018)" />
        <Dependent key="52" type="1" schemaName="msdyn_postalbum" displayName="Profile Album" />
      </MissingDependency>
      <MissingDependency>
        <Required key="52" type="1" schemaName="msdyn_postalbum" displayName="Profile Album" solution="ActivityFeedsCore (6.0.0.1018)" />
        <Dependent key="52" type="1" schemaName="msdyn_postalbum" displayName="Profile Album" />
      </MissingDependency>
      <MissingDependency>
        <Required key="52" type="1" schemaName="msdyn_postalbum" displayName="Profile Album" solution="ActivityFeedsCore (6.0.0.1018)" />
        <Dependent key="59" type="2" schemaName="createdonbehalfbyyominame" parentSchemaName="msdyn_postalbum" parentDisplayName="Profile Album" />
      </MissingDependency>
      <MissingDependency>
        <Required key="52" type="1" schemaName="msdyn_postalbum" displayName="Profile Album" solution="ActivityFeedsCore (6.0.0.1018)" />
        <Dependent key="60" type="2" schemaName="modifiedonbehalfbyyominame" parentSchemaName="msdyn_postalbum" parentDisplayName="Profile Album" />
      </MissingDependency>
      <MissingDependency>
        <Required key="52" type="1" schemaName="msdyn_postalbum" displayName="Profile Album" solution="ActivityFeedsCore (6.0.0.1018)" />
        <Dependent key="61" type="2" schemaName="owningbusinessunit" displayName="Owning Business Unit" parentSchemaName="msdyn_postalbum" parentDisplayName="Profile Album" />
      </MissingDependency>
      <MissingDependency>
        <Required key="52" type="1" schemaName="msdyn_postalbum" displayName="Profile Album" solution="ActivityFeedsCore (6.0.0.1018)" />
        <Dependent key="52" type="1" schemaName="msdyn_postalbum" displayName="Profile Album" />
      </MissingDependency>
      <MissingDependency>
        <Required key="52" type="1" schemaName="msdyn_postalbum" displayName="Profile Album" solution="ActivityFeedsCore (6.0.0.1018)" />
        <Dependent key="62" type="2" schemaName="createdby" displayName="Created By" parentSchemaName="msdyn_postalbum" parentDisplayName="Profile Album" />
      </MissingDependency>
      <MissingDependency>
        <Required key="52" type="1" schemaName="msdyn_postalbum" displayName="Profile Album" solution="ActivityFeedsCore (6.0.0.1018)" />
        <Dependent key="63" type="2" schemaName="owneridname" parentSchemaName="msdyn_postalbum" parentDisplayName="Profile Album" />
      </MissingDependency>
      <MissingDependency>
        <Required key="52" type="1" schemaName="msdyn_postalbum" displayName="Profile Album" solution="ActivityFeedsCore (6.0.0.1018)" />
        <Dependent key="64" type="2" schemaName="owneriddsc" parentSchemaName="msdyn_postalbum" parentDisplayName="Profile Album" />
      </MissingDependency>
      <MissingDependency>
        <Required key="52" type="1" schemaName="msdyn_postalbum" displayName="Profile Album" solution="ActivityFeedsCore (6.0.0.1018)" />
        <Dependent key="52" type="1" schemaName="msdyn_postalbum" displayName="Profile Album" />
      </MissingDependency>
      <MissingDependency>
        <Required key="52" type="1" schemaName="msdyn_postalbum" displayName="Profile Album" solution="ActivityFeedsCore (6.0.0.1018)" />
        <Dependent key="52" type="1" schemaName="msdyn_postalbum" displayName="Profile Album" />
      </MissingDependency>
      <MissingDependency>
        <Required key="52" type="1" schemaName="msdyn_postalbum" displayName="Profile Album" solution="ActivityFeedsCore (6.0.0.1018)" />
        <Dependent key="65" type="2" schemaName="versionnumber" parentSchemaName="msdyn_postalbum" parentDisplayName="Profile Album" />
      </MissingDependency>
      <MissingDependency>
        <Required key="52" type="1" schemaName="msdyn_postalbum" displayName="Profile Album" solution="ActivityFeedsCore (6.0.0.1018)" />
        <Dependent key="66" type="2" schemaName="owninguser" displayName="Owning User" parentSchemaName="msdyn_postalbum" parentDisplayName="Profile Album" />
      </MissingDependency>
      <MissingDependency>
        <Required key="52" type="1" schemaName="msdyn_postalbum" displayName="Profile Album" solution="ActivityFeedsCore (6.0.0.1018)" />
        <Dependent key="52" type="1" schemaName="msdyn_postalbum" displayName="Profile Album" />
      </MissingDependency>
      <MissingDependency>
        <Required key="52" type="1" schemaName="msdyn_postalbum" displayName="Profile Album" solution="ActivityFeedsCore (6.0.0.1018)" />
        <Dependent key="67" type="2" schemaName="createdbyname" parentSchemaName="msdyn_postalbum" parentDisplayName="Profile Album" />
      </MissingDependency>
      <MissingDependency>
        <Required key="52" type="1" schemaName="msdyn_postalbum" displayName="Profile Album" solution="ActivityFeedsCore (6.0.0.1018)" />
        <Dependent key="68" type="2" schemaName="modifiedby" displayName="Modified By" parentSchemaName="msdyn_postalbum" parentDisplayName="Profile Album" />
      </MissingDependency>
      <MissingDependency>
        <Required key="52" type="1" schemaName="msdyn_postalbum" displayName="Profile Album" solution="ActivityFeedsCore (6.0.0.1018)" />
        <Dependent key="69" type="2" schemaName="owneridtype" parentSchemaName="msdyn_postalbum" parentDisplayName="Profile Album" />
      </MissingDependency>
      <MissingDependency>
        <Required key="52" type="1" schemaName="msdyn_postalbum" displayName="Profile Album" solution="ActivityFeedsCore (6.0.0.1018)" />
        <Dependent key="52" type="1" schemaName="msdyn_postalbum" displayName="Profile Album" />
      </MissingDependency>
      <MissingDependency>
        <Required key="52" type="1" schemaName="msdyn_postalbum" displayName="Profile Album" solution="ActivityFeedsCore (6.0.0.1018)" />
        <Dependent key="70" type="2" schemaName="modifiedonbehalfbyname" parentSchemaName="msdyn_postalbum" parentDisplayName="Profile Album" />
      </MissingDependency>
      <MissingDependency>
        <Required key="52" type="1" schemaName="msdyn_postalbum" displayName="Profile Album" solution="ActivityFeedsCore (6.0.0.1018)" />
        <Dependent key="71" type="2" schemaName="owningteam" displayName="Owning Team" parentSchemaName="msdyn_postalbum" parentDisplayName="Profile Album" />
      </MissingDependency>
      <MissingDependency>
        <Required key="52" type="1" schemaName="msdyn_postalbum" displayName="Profile Album" solution="ActivityFeedsCore (6.0.0.1018)" />
        <Dependent key="72" type="2" schemaName="modifiedbyname" parentSchemaName="msdyn_postalbum" parentDisplayName="Profile Album" />
      </MissingDependency>
      <MissingDependency>
        <Required key="52" type="1" schemaName="msdyn_postalbum" displayName="Profile Album" solution="ActivityFeedsCore (6.0.0.1018)" />
        <Dependent key="73" type="2" schemaName="createdbyyominame" parentSchemaName="msdyn_postalbum" parentDisplayName="Profile Album" />
      </MissingDependency>
      <MissingDependency>
        <Required key="52" type="1" schemaName="msdyn_postalbum" displayName="Profile Album" solution="ActivityFeedsCore (6.0.0.1018)" />
        <Dependent key="52" type="1" schemaName="msdyn_postalbum" displayName="Profile Album" />
      </MissingDependency>
      <MissingDependency>
        <Required key="52" type="1" schemaName="msdyn_postalbum" displayName="Profile Album" solution="ActivityFeedsCore (6.0.0.1018)" />
        <Dependent key="52" type="1" schemaName="msdyn_postalbum" displayName="Profile Album" />
      </MissingDependency>
      <MissingDependency>
        <Required key="52" type="1" schemaName="msdyn_postalbum" displayName="Profile Album" solution="ActivityFeedsCore (6.0.0.1018)" />
        <Dependent key="74" type="2" schemaName="statecodename" parentSchemaName="msdyn_postalbum" parentDisplayName="Profile Album" />
      </MissingDependency>
      <MissingDependency>
        <Required key="52" type="1" schemaName="msdyn_postalbum" displayName="Profile Album" solution="ActivityFeedsCore (6.0.0.1018)" />
        <Dependent key="52" type="1" schemaName="msdyn_postalbum" displayName="Profile Album" />
      </MissingDependency>
      <MissingDependency>
        <Required key="52" type="1" schemaName="msdyn_postalbum" displayName="Profile Album" solution="ActivityFeedsCore (6.0.0.1018)" />
        <Dependent key="75" type="2" schemaName="modifiedonbehalfby" displayName="Modified By (Delegate)" parentSchemaName="msdyn_postalbum" parentDisplayName="Profile Album" />
      </MissingDependency>
      <MissingDependency>
        <Required key="52" type="1" schemaName="msdyn_postalbum" displayName="Profile Album" solution="ActivityFeedsCore (6.0.0.1018)" />
        <Dependent key="52" type="1" schemaName="msdyn_postalbum" displayName="Profile Album" />
      </MissingDependency>
      <MissingDependency>
        <Required key="52" type="1" schemaName="msdyn_postalbum" displayName="Profile Album" solution="ActivityFeedsCore (6.0.0.1018)" />
        <Dependent key="52" type="1" schemaName="msdyn_postalbum" displayName="Profile Album" />
      </MissingDependency>
      <MissingDependency>
        <Required key="52" type="1" schemaName="msdyn_postalbum" displayName="Profile Album" solution="ActivityFeedsCore (6.0.0.1018)" />
        <Dependent key="52" type="1" schemaName="msdyn_postalbum" displayName="Profile Album" />
      </MissingDependency>
      <MissingDependency>
        <Required key="52" type="1" schemaName="msdyn_postalbum" displayName="Profile Album" solution="ActivityFeedsCore (6.0.0.1018)" />
        <Dependent key="52" type="1" schemaName="msdyn_postalbum" displayName="Profile Album" />
      </MissingDependency>
      <MissingDependency>
        <Required key="52" type="1" schemaName="msdyn_postalbum" displayName="Profile Album" solution="ActivityFeedsCore (6.0.0.1018)" />
        <Dependent key="52" type="1" schemaName="msdyn_postalbum" displayName="Profile Album" />
      </MissingDependency>
      <MissingDependency>
        <Required key="76" type="1" schemaName="msdyn_postconfig" displayName="Post Configuration" solution="ActivityFeedsCore (6.0.0.1018)" />
        <Dependent key="76" type="1" schemaName="msdyn_postconfig" displayName="Post Configuration" />
      </MissingDependency>
      <MissingDependency>
        <Required key="76" type="1" schemaName="msdyn_postconfig" displayName="Post Configuration" solution="ActivityFeedsCore (6.0.0.1018)" />
        <Dependent key="77" type="2" schemaName="organizationid" displayName="Organization Id" parentSchemaName="msdyn_postconfig" parentDisplayName="Post Configuration" />
      </MissingDependency>
      <MissingDependency>
        <Required key="76" type="1" schemaName="msdyn_postconfig" displayName="Post Configuration" solution="ActivityFeedsCore (6.0.0.1018)" />
        <Dependent key="78" type="2" schemaName="createdbyyominame" parentSchemaName="msdyn_postconfig" parentDisplayName="Post Configuration" />
      </MissingDependency>
      <MissingDependency>
        <Required key="76" type="1" schemaName="msdyn_postconfig" displayName="Post Configuration" solution="ActivityFeedsCore (6.0.0.1018)" />
        <Dependent key="76" type="1" schemaName="msdyn_postconfig" displayName="Post Configuration" />
      </MissingDependency>
      <MissingDependency>
        <Required key="76" type="1" schemaName="msdyn_postconfig" displayName="Post Configuration" solution="ActivityFeedsCore (6.0.0.1018)" />
        <Dependent key="76" type="1" schemaName="msdyn_postconfig" displayName="Post Configuration" />
      </MissingDependency>
      <MissingDependency>
        <Required key="76" type="1" schemaName="msdyn_postconfig" displayName="Post Configuration" solution="ActivityFeedsCore (6.0.0.1018)" />
        <Dependent key="79" type="2" schemaName="createdonbehalfbyyominame" parentSchemaName="msdyn_postconfig" parentDisplayName="Post Configuration" />
      </MissingDependency>
      <MissingDependency>
        <Required key="76" type="1" schemaName="msdyn_postconfig" displayName="Post Configuration" solution="ActivityFeedsCore (6.0.0.1018)" />
        <Dependent key="80" type="2" schemaName="modifiedby" displayName="Modified By" parentSchemaName="msdyn_postconfig" parentDisplayName="Post Configuration" />
      </MissingDependency>
      <MissingDependency>
        <Required key="76" type="1" schemaName="msdyn_postconfig" displayName="Post Configuration" solution="ActivityFeedsCore (6.0.0.1018)" />
        <Dependent key="81" type="2" schemaName="createdby" displayName="Created By" parentSchemaName="msdyn_postconfig" parentDisplayName="Post Configuration" />
      </MissingDependency>
      <MissingDependency>
        <Required key="76" type="1" schemaName="msdyn_postconfig" displayName="Post Configuration" solution="ActivityFeedsCore (6.0.0.1018)" />
        <Dependent key="82" type="2" schemaName="versionnumber" parentSchemaName="msdyn_postconfig" parentDisplayName="Post Configuration" />
      </MissingDependency>
      <MissingDependency>
        <Required key="76" type="1" schemaName="msdyn_postconfig" displayName="Post Configuration" solution="ActivityFeedsCore (6.0.0.1018)" />
        <Dependent key="83" type="2" schemaName="createdonbehalfby" displayName="Created By (Delegate)" parentSchemaName="msdyn_postconfig" parentDisplayName="Post Configuration" />
      </MissingDependency>
      <MissingDependency>
        <Required key="76" type="1" schemaName="msdyn_postconfig" displayName="Post Configuration" solution="ActivityFeedsCore (6.0.0.1018)" />
        <Dependent key="84" type="2" schemaName="modifiedonbehalfbyyominame" parentSchemaName="msdyn_postconfig" parentDisplayName="Post Configuration" />
      </MissingDependency>
      <MissingDependency>
        <Required key="76" type="1" schemaName="msdyn_postconfig" displayName="Post Configuration" solution="ActivityFeedsCore (6.0.0.1018)" />
        <Dependent key="85" type="2" schemaName="msdyn_configurewallname" parentSchemaName="msdyn_postconfig" parentDisplayName="Post Configuration" />
      </MissingDependency>
      <MissingDependency>
        <Required key="76" type="1" schemaName="msdyn_postconfig" displayName="Post Configuration" solution="ActivityFeedsCore (6.0.0.1018)" />
        <Dependent key="76" type="1" schemaName="msdyn_postconfig" displayName="Post Configuration" />
      </MissingDependency>
      <MissingDependency>
        <Required key="76" type="1" schemaName="msdyn_postconfig" displayName="Post Configuration" solution="ActivityFeedsCore (6.0.0.1018)" />
        <Dependent key="86" type="2" schemaName="modifiedonbehalfby" displayName="Modified By (Delegate)" parentSchemaName="msdyn_postconfig" parentDisplayName="Post Configuration" />
      </MissingDependency>
      <MissingDependency>
        <Required key="76" type="1" schemaName="msdyn_postconfig" displayName="Post Configuration" solution="ActivityFeedsCore (6.0.0.1018)" />
        <Dependent key="76" type="1" schemaName="msdyn_postconfig" displayName="Post Configuration" />
      </MissingDependency>
      <MissingDependency>
        <Required key="76" type="1" schemaName="msdyn_postconfig" displayName="Post Configuration" solution="ActivityFeedsCore (6.0.0.1018)" />
        <Dependent key="76" type="1" schemaName="msdyn_postconfig" displayName="Post Configuration" />
      </MissingDependency>
      <MissingDependency>
        <Required key="76" type="1" schemaName="msdyn_postconfig" displayName="Post Configuration" solution="ActivityFeedsCore (6.0.0.1018)" />
        <Dependent key="76" type="1" schemaName="msdyn_postconfig" displayName="Post Configuration" />
      </MissingDependency>
      <MissingDependency>
        <Required key="76" type="1" schemaName="msdyn_postconfig" displayName="Post Configuration" solution="ActivityFeedsCore (6.0.0.1018)" />
        <Dependent key="87" type="2" schemaName="createdbyname" parentSchemaName="msdyn_postconfig" parentDisplayName="Post Configuration" />
      </MissingDependency>
      <MissingDependency>
        <Required key="76" type="1" schemaName="msdyn_postconfig" displayName="Post Configuration" solution="ActivityFeedsCore (6.0.0.1018)" />
        <Dependent key="76" type="1" schemaName="msdyn_postconfig" displayName="Post Configuration" />
      </MissingDependency>
      <MissingDependency>
        <Required key="76" type="1" schemaName="msdyn_postconfig" displayName="Post Configuration" solution="ActivityFeedsCore (6.0.0.1018)" />
        <Dependent key="88" type="2" schemaName="modifiedbyname" parentSchemaName="msdyn_postconfig" parentDisplayName="Post Configuration" />
      </MissingDependency>
      <MissingDependency>
        <Required key="76" type="1" schemaName="msdyn_postconfig" displayName="Post Configuration" solution="ActivityFeedsCore (6.0.0.1018)" />
        <Dependent key="89" type="2" schemaName="statecodename" parentSchemaName="msdyn_postconfig" parentDisplayName="Post Configuration" />
      </MissingDependency>
      <MissingDependency>
        <Required key="76" type="1" schemaName="msdyn_postconfig" displayName="Post Configuration" solution="ActivityFeedsCore (6.0.0.1018)" />
        <Dependent key="76" type="1" schemaName="msdyn_postconfig" displayName="Post Configuration" />
      </MissingDependency>
      <MissingDependency>
        <Required key="76" type="1" schemaName="msdyn_postconfig" displayName="Post Configuration" solution="ActivityFeedsCore (6.0.0.1018)" />
        <Dependent key="90" type="2" schemaName="organizationidname" parentSchemaName="msdyn_postconfig" parentDisplayName="Post Configuration" />
      </MissingDependency>
      <MissingDependency>
        <Required key="76" type="1" schemaName="msdyn_postconfig" displayName="Post Configuration" solution="ActivityFeedsCore (6.0.0.1018)" />
        <Dependent key="76" type="1" schemaName="msdyn_postconfig" displayName="Post Configuration" />
      </MissingDependency>
      <MissingDependency>
        <Required key="76" type="1" schemaName="msdyn_postconfig" displayName="Post Configuration" solution="ActivityFeedsCore (6.0.0.1018)" />
        <Dependent key="91" type="2" schemaName="statuscodename" parentSchemaName="msdyn_postconfig" parentDisplayName="Post Configuration" />
      </MissingDependency>
      <MissingDependency>
        <Required key="76" type="1" schemaName="msdyn_postconfig" displayName="Post Configuration" solution="ActivityFeedsCore (6.0.0.1018)" />
        <Dependent key="92" type="2" schemaName="modifiedonbehalfbyname" parentSchemaName="msdyn_postconfig" parentDisplayName="Post Configuration" />
      </MissingDependency>
      <MissingDependency>
        <Required key="76" type="1" schemaName="msdyn_postconfig" displayName="Post Configuration" solution="ActivityFeedsCore (6.0.0.1018)" />
        <Dependent key="93" type="2" schemaName="createdonbehalfbyname" parentSchemaName="msdyn_postconfig" parentDisplayName="Post Configuration" />
      </MissingDependency>
      <MissingDependency>
        <Required key="76" type="1" schemaName="msdyn_postconfig" displayName="Post Configuration" solution="ActivityFeedsCore (6.0.0.1018)" />
        <Dependent key="94" type="2" schemaName="modifiedbyyominame" parentSchemaName="msdyn_postconfig" parentDisplayName="Post Configuration" />
      </MissingDependency>
      <MissingDependency>
        <Required key="95" type="1" schemaName="msdyn_postruleconfig" displayName="Post Rule Configuration" solution="ActivityFeedsCore (6.0.0.1018)" />
        <Dependent key="96" type="2" schemaName="msdyn_postconfigidname" parentSchemaName="msdyn_postruleconfig" parentDisplayName="Post Rule Configuration" />
      </MissingDependency>
      <MissingDependency>
        <Required key="95" type="1" schemaName="msdyn_postruleconfig" displayName="Post Rule Configuration" solution="ActivityFeedsCore (6.0.0.1018)" />
        <Dependent key="97" type="2" schemaName="modifiedby" displayName="Modified By" parentSchemaName="msdyn_postruleconfig" parentDisplayName="Post Rule Configuration" />
      </MissingDependency>
      <MissingDependency>
        <Required key="95" type="1" schemaName="msdyn_postruleconfig" displayName="Post Rule Configuration" solution="ActivityFeedsCore (6.0.0.1018)" />
        <Dependent key="95" type="1" schemaName="msdyn_postruleconfig" displayName="Post Rule Configuration" />
      </MissingDependency>
      <MissingDependency>
        <Required key="95" type="1" schemaName="msdyn_postruleconfig" displayName="Post Rule Configuration" solution="ActivityFeedsCore (6.0.0.1018)" />
        <Dependent key="95" type="1" schemaName="msdyn_postruleconfig" displayName="Post Rule Configuration" />
      </MissingDependency>
      <MissingDependency>
        <Required key="95" type="1" schemaName="msdyn_postruleconfig" displayName="Post Rule Configuration" solution="ActivityFeedsCore (6.0.0.1018)" />
        <Dependent key="98" type="2" schemaName="createdbyname" parentSchemaName="msdyn_postruleconfig" parentDisplayName="Post Rule Configuration" />
      </MissingDependency>
      <MissingDependency>
        <Required key="95" type="1" schemaName="msdyn_postruleconfig" displayName="Post Rule Configuration" solution="ActivityFeedsCore (6.0.0.1018)" />
        <Dependent key="99" type="2" schemaName="statuscodename" parentSchemaName="msdyn_postruleconfig" parentDisplayName="Post Rule Configuration" />
      </MissingDependency>
      <MissingDependency>
        <Required key="95" type="1" schemaName="msdyn_postruleconfig" displayName="Post Rule Configuration" solution="ActivityFeedsCore (6.0.0.1018)" />
        <Dependent key="100" type="2" schemaName="createdonbehalfbyname" parentSchemaName="msdyn_postruleconfig" parentDisplayName="Post Rule Configuration" />
      </MissingDependency>
      <MissingDependency>
        <Required key="95" type="1" schemaName="msdyn_postruleconfig" displayName="Post Rule Configuration" solution="ActivityFeedsCore (6.0.0.1018)" />
        <Dependent key="101" type="2" schemaName="organizationid" displayName="Organization Id" parentSchemaName="msdyn_postruleconfig" parentDisplayName="Post Rule Configuration" />
      </MissingDependency>
      <MissingDependency>
        <Required key="95" type="1" schemaName="msdyn_postruleconfig" displayName="Post Rule Configuration" solution="ActivityFeedsCore (6.0.0.1018)" />
        <Dependent key="102" type="2" schemaName="modifiedbyyominame" parentSchemaName="msdyn_postruleconfig" parentDisplayName="Post Rule Configuration" />
      </MissingDependency>
      <MissingDependency>
        <Required key="95" type="1" schemaName="msdyn_postruleconfig" displayName="Post Rule Configuration" solution="ActivityFeedsCore (6.0.0.1018)" />
        <Dependent key="103" type="2" schemaName="createdbyyominame" parentSchemaName="msdyn_postruleconfig" parentDisplayName="Post Rule Configuration" />
      </MissingDependency>
      <MissingDependency>
        <Required key="95" type="1" schemaName="msdyn_postruleconfig" displayName="Post Rule Configuration" solution="ActivityFeedsCore (6.0.0.1018)" />
        <Dependent key="104" type="2" schemaName="createdonbehalfbyyominame" parentSchemaName="msdyn_postruleconfig" parentDisplayName="Post Rule Configuration" />
      </MissingDependency>
      <MissingDependency>
        <Required key="95" type="1" schemaName="msdyn_postruleconfig" displayName="Post Rule Configuration" solution="ActivityFeedsCore (6.0.0.1018)" />
        <Dependent key="95" type="1" schemaName="msdyn_postruleconfig" displayName="Post Rule Configuration" />
      </MissingDependency>
      <MissingDependency>
        <Required key="95" type="1" schemaName="msdyn_postruleconfig" displayName="Post Rule Configuration" solution="ActivityFeedsCore (6.0.0.1018)" />
        <Dependent key="95" type="1" schemaName="msdyn_postruleconfig" displayName="Post Rule Configuration" />
      </MissingDependency>
      <MissingDependency>
        <Required key="95" type="1" schemaName="msdyn_postruleconfig" displayName="Post Rule Configuration" solution="ActivityFeedsCore (6.0.0.1018)" />
        <Dependent key="95" type="1" schemaName="msdyn_postruleconfig" displayName="Post Rule Configuration" />
      </MissingDependency>
      <MissingDependency>
        <Required key="95" type="1" schemaName="msdyn_postruleconfig" displayName="Post Rule Configuration" solution="ActivityFeedsCore (6.0.0.1018)" />
        <Dependent key="105" type="2" schemaName="organizationidname" parentSchemaName="msdyn_postruleconfig" parentDisplayName="Post Rule Configuration" />
      </MissingDependency>
      <MissingDependency>
        <Required key="95" type="1" schemaName="msdyn_postruleconfig" displayName="Post Rule Configuration" solution="ActivityFeedsCore (6.0.0.1018)" />
        <Dependent key="106" type="2" schemaName="statecodename" parentSchemaName="msdyn_postruleconfig" parentDisplayName="Post Rule Configuration" />
      </MissingDependency>
      <MissingDependency>
        <Required key="95" type="1" schemaName="msdyn_postruleconfig" displayName="Post Rule Configuration" solution="ActivityFeedsCore (6.0.0.1018)" />
        <Dependent key="107" type="2" schemaName="modifiedbyname" parentSchemaName="msdyn_postruleconfig" parentDisplayName="Post Rule Configuration" />
      </MissingDependency>
      <MissingDependency>
        <Required key="95" type="1" schemaName="msdyn_postruleconfig" displayName="Post Rule Configuration" solution="ActivityFeedsCore (6.0.0.1018)" />
        <Dependent key="95" type="1" schemaName="msdyn_postruleconfig" displayName="Post Rule Configuration" />
      </MissingDependency>
      <MissingDependency>
        <Required key="95" type="1" schemaName="msdyn_postruleconfig" displayName="Post Rule Configuration" solution="ActivityFeedsCore (6.0.0.1018)" />
        <Dependent key="108" type="2" schemaName="createdby" displayName="Created By" parentSchemaName="msdyn_postruleconfig" parentDisplayName="Post Rule Configuration" />
      </MissingDependency>
      <MissingDependency>
        <Required key="95" type="1" schemaName="msdyn_postruleconfig" displayName="Post Rule Configuration" solution="ActivityFeedsCore (6.0.0.1018)" />
        <Dependent key="95" type="1" schemaName="msdyn_postruleconfig" displayName="Post Rule Configuration" />
      </MissingDependency>
      <MissingDependency>
        <Required key="95" type="1" schemaName="msdyn_postruleconfig" displayName="Post Rule Configuration" solution="ActivityFeedsCore (6.0.0.1018)" />
        <Dependent key="95" type="1" schemaName="msdyn_postruleconfig" displayName="Post Rule Configuration" />
      </MissingDependency>
      <MissingDependency>
        <Required key="95" type="1" schemaName="msdyn_postruleconfig" displayName="Post Rule Configuration" solution="ActivityFeedsCore (6.0.0.1018)" />
        <Dependent key="109" type="2" schemaName="modifiedonbehalfbyname" parentSchemaName="msdyn_postruleconfig" parentDisplayName="Post Rule Configuration" />
      </MissingDependency>
      <MissingDependency>
        <Required key="95" type="1" schemaName="msdyn_postruleconfig" displayName="Post Rule Configuration" solution="ActivityFeedsCore (6.0.0.1018)" />
        <Dependent key="110" type="2" schemaName="modifiedonbehalfby" displayName="Modified By (Delegate)" parentSchemaName="msdyn_postruleconfig" parentDisplayName="Post Rule Configuration" />
      </MissingDependency>
      <MissingDependency>
        <Required key="95" type="1" schemaName="msdyn_postruleconfig" displayName="Post Rule Configuration" solution="ActivityFeedsCore (6.0.0.1018)" />
        <Dependent key="111" type="2" schemaName="msdyn_posttoyammername" parentSchemaName="msdyn_postruleconfig" parentDisplayName="Post Rule Configuration" />
      </MissingDependency>
      <MissingDependency>
        <Required key="95" type="1" schemaName="msdyn_postruleconfig" displayName="Post Rule Configuration" solution="ActivityFeedsCore (6.0.0.1018)" />
        <Dependent key="95" type="1" schemaName="msdyn_postruleconfig" displayName="Post Rule Configuration" />
      </MissingDependency>
      <MissingDependency>
        <Required key="95" type="1" schemaName="msdyn_postruleconfig" displayName="Post Rule Configuration" solution="ActivityFeedsCore (6.0.0.1018)" />
        <Dependent key="112" type="2" schemaName="createdonbehalfby" displayName="Created By (Delegate)" parentSchemaName="msdyn_postruleconfig" parentDisplayName="Post Rule Configuration" />
      </MissingDependency>
      <MissingDependency>
        <Required key="95" type="1" schemaName="msdyn_postruleconfig" displayName="Post Rule Configuration" solution="ActivityFeedsCore (6.0.0.1018)" />
        <Dependent key="113" type="2" schemaName="versionnumber" parentSchemaName="msdyn_postruleconfig" parentDisplayName="Post Rule Configuration" />
      </MissingDependency>
      <MissingDependency>
        <Required key="95" type="1" schemaName="msdyn_postruleconfig" displayName="Post Rule Configuration" solution="ActivityFeedsCore (6.0.0.1018)" />
        <Dependent key="114" type="2" schemaName="modifiedonbehalfbyyominame" parentSchemaName="msdyn_postruleconfig" parentDisplayName="Post Rule Configuration" />
      </MissingDependency>
      <MissingDependency>
        <Required key="95" type="1" schemaName="msdyn_postruleconfig" displayName="Post Rule Configuration" solution="ActivityFeedsCore (6.0.0.1018)" />
        <Dependent key="95" type="1" schemaName="msdyn_postruleconfig" displayName="Post Rule Configuration" />
      </MissingDependency>
      <MissingDependency>
        <Required key="95" type="1" schemaName="msdyn_postruleconfig" displayName="Post Rule Configuration" solution="ActivityFeedsCore (6.0.0.1018)" />
        <Dependent key="95" type="1" schemaName="msdyn_postruleconfig" displayName="Post Rule Configuration" />
      </MissingDependency>
      <MissingDependency>
        <Required key="52" type="1" schemaName="msdyn_postalbum" displayName="Profile Album" solution="ActivityFeedsCore (6.0.0.1018)" />
        <Dependent key="52" type="1" schemaName="msdyn_postalbum" displayName="Profile Album" />
      </MissingDependency>
      <MissingDependency>
        <Required key="76" type="1" schemaName="msdyn_postconfig" displayName="Post Configuration" solution="ActivityFeedsCore (6.0.0.1018)" />
        <Dependent key="76" type="1" schemaName="msdyn_postconfig" displayName="Post Configuration" />
      </MissingDependency>
      <MissingDependency>
        <Required key="31" type="1" schemaName="msdyn_wallsavedquery" displayName="Wall View" solution="ActivityFeedsCore (6.0.0.1018)" />
        <Dependent key="31" type="1" schemaName="msdyn_wallsavedquery" displayName="Wall View" />
      </MissingDependency>
      <MissingDependency>
        <Required key="0" type="1" schemaName="msdyn_wallsavedqueryusersettings" displayName="Filter" solution="ActivityFeedsCore (6.0.0.1018)" />
        <Dependent key="0" type="1" schemaName="msdyn_wallsavedqueryusersettings" displayName="Filter" />
      </MissingDependency>
      <MissingDependency>
        <Required key="0" type="1" schemaName="msdyn_wallsavedqueryusersettings" displayName="Filter" solution="ActivityFeedsCore (6.0.0.1018)" />
        <Dependent key="115" type="10" schemaName="msdyn_wallsavedquery_wallsavedqueryusersettings" />
      </MissingDependency>
      <MissingDependency>
        <Required key="0" type="1" schemaName="msdyn_wallsavedqueryusersettings" displayName="Filter" solution="ActivityFeedsCore (6.0.0.1018)" />
        <Dependent key="116" type="10" schemaName="msdyn_systemuser_wallsavedqueryusersettings_userid" />
      </MissingDependency>
      <MissingDependency>
        <Required key="31" type="1" schemaName="msdyn_wallsavedquery" displayName="Wall View" solution="ActivityFeedsCore (6.0.0.1018)" />
        <Dependent key="115" type="10" schemaName="msdyn_wallsavedquery_wallsavedqueryusersettings" />
      </MissingDependency>
      <MissingDependency>
        <Required key="31" type="1" schemaName="msdyn_wallsavedquery" displayName="Wall View" solution="ActivityFeedsCore (6.0.0.1018)" />
        <Dependent key="117" type="10" schemaName="msdyn_postconfig_wallsavedquery" />
      </MissingDependency>
      <MissingDependency>
        <Required key="76" type="1" schemaName="msdyn_postconfig" displayName="Post Configuration" solution="ActivityFeedsCore (6.0.0.1018)" />
        <Dependent key="118" type="10" schemaName="msdyn_postconfig_msdyn_postruleconfig" />
      </MissingDependency>
      <MissingDependency>
        <Required key="76" type="1" schemaName="msdyn_postconfig" displayName="Post Configuration" solution="ActivityFeedsCore (6.0.0.1018)" />
        <Dependent key="117" type="10" schemaName="msdyn_postconfig_wallsavedquery" />
      </MissingDependency>
      <MissingDependency>
        <Required key="95" type="1" schemaName="msdyn_postruleconfig" displayName="Post Rule Configuration" solution="ActivityFeedsCore (6.0.0.1018)" />
        <Dependent key="118" type="10" schemaName="msdyn_postconfig_msdyn_postruleconfig" />
      </MissingDependency>
      <MissingDependency>
        <Required key="119" type="2" schemaName="msdyn_postconfigid" displayName="Post Entity Id" parentSchemaName="msdyn_postruleconfig" parentDisplayName="Post Rule Configuration" solution="ActivityFeedsCore (6.0.0.1018)" />
        <Dependent key="118" type="10" schemaName="msdyn_postconfig_msdyn_postruleconfig" />
      </MissingDependency>
      <MissingDependency>
        <Required key="120" type="2" schemaName="msdyn_entityname" displayName="Entity Name" parentSchemaName="msdyn_wallsavedquery" parentDisplayName="Wall View" solution="ActivityFeedsCore (6.0.0.1018)" />
        <Dependent key="115" type="10" schemaName="msdyn_wallsavedquery_wallsavedqueryusersettings" />
      </MissingDependency>
      <MissingDependency>
        <Required key="121" type="2" schemaName="msdyn_wallsavedqueryid" displayName="Wall View" parentSchemaName="msdyn_wallsavedquery" parentDisplayName="Wall View" solution="ActivityFeedsCore (6.0.0.1018)" />
        <Dependent key="115" type="10" schemaName="msdyn_wallsavedquery_wallsavedqueryusersettings" />
      </MissingDependency>
      <MissingDependency>
        <Required key="122" type="2" schemaName="msdyn_userid" displayName="User Id" parentSchemaName="msdyn_wallsavedqueryusersettings" parentDisplayName="Filter" solution="ActivityFeedsCore (6.0.0.1018)" />
        <Dependent key="116" type="10" schemaName="msdyn_systemuser_wallsavedqueryusersettings_userid" />
      </MissingDependency>
      <MissingDependency>
        <Required key="123" type="2" schemaName="msdyn_postconfigurationid" displayName="Post Entity Id" parentSchemaName="msdyn_wallsavedquery" parentDisplayName="Wall View" solution="ActivityFeedsCore (6.0.0.1018)" />
        <Dependent key="117" type="10" schemaName="msdyn_postconfig_wallsavedquery" />
      </MissingDependency>
      <MissingDependency>
        <Required key="124" type="2" schemaName="msdyn_postconfigid" displayName="Post Configuration" parentSchemaName="msdyn_postconfig" parentDisplayName="Post Configuration" solution="ActivityFeedsCore (6.0.0.1018)" />
        <Dependent key="118" type="10" schemaName="msdyn_postconfig_msdyn_postruleconfig" />
      </MissingDependency>
      <MissingDependency>
        <Required key="124" type="2" schemaName="msdyn_postconfigid" displayName="Post Configuration" parentSchemaName="msdyn_postconfig" parentDisplayName="Post Configuration" solution="ActivityFeedsCore (6.0.0.1018)" />
        <Dependent key="117" type="10" schemaName="msdyn_postconfig_wallsavedquery" />
      </MissingDependency>
      <MissingDependency>
        <Required key="125" type="2" schemaName="msdyn_entitydisplayname" displayName="Entity Display Name" parentSchemaName="msdyn_postconfig" parentDisplayName="Post Configuration" solution="ActivityFeedsCore (6.0.0.1018)" />
        <Dependent key="118" type="10" schemaName="msdyn_postconfig_msdyn_postruleconfig" />
      </MissingDependency>
      <MissingDependency>
        <Required key="125" type="2" schemaName="msdyn_entitydisplayname" displayName="Entity Display Name" parentSchemaName="msdyn_postconfig" parentDisplayName="Post Configuration" solution="ActivityFeedsCore (6.0.0.1018)" />
        <Dependent key="117" type="10" schemaName="msdyn_postconfig_wallsavedquery" />
      </MissingDependency>
      <MissingDependency>
        <Required key="126" type="2" schemaName="msdyn_wallsavedqueryid" displayName="Wall View Id" parentSchemaName="msdyn_wallsavedqueryusersettings" parentDisplayName="Filter" solution="ActivityFeedsCore (6.0.0.1018)" />
        <Dependent key="115" type="10" schemaName="msdyn_wallsavedquery_wallsavedqueryusersettings" />
      </MissingDependency>
      <MissingDependency>
        <Required key="118" type="10" schemaName="msdyn_postconfig_msdyn_postruleconfig" solution="ActivityFeedsCore (6.0.0.1018)" />
        <Dependent key="118" type="10" schemaName="msdyn_postconfig_msdyn_postruleconfig" />
      </MissingDependency>
      <MissingDependency>
        <Required key="115" type="10" schemaName="msdyn_wallsavedquery_wallsavedqueryusersettings" solution="ActivityFeedsCore (6.0.0.1018)" />
        <Dependent key="115" type="10" schemaName="msdyn_wallsavedquery_wallsavedqueryusersettings" />
      </MissingDependency>
      <MissingDependency>
        <Required key="116" type="10" schemaName="msdyn_systemuser_wallsavedqueryusersettings_userid" solution="ActivityFeedsCore (6.0.0.1018)" />
        <Dependent key="116" type="10" schemaName="msdyn_systemuser_wallsavedqueryusersettings_userid" />
      </MissingDependency>
      <MissingDependency>
        <Required key="117" type="10" schemaName="msdyn_postconfig_wallsavedquery" solution="ActivityFeedsCore (6.0.0.1018)" />
        <Dependent key="117" type="10" schemaName="msdyn_postconfig_wallsavedquery" />
      </MissingDependency>
      <MissingDependency>
        <Required key="115" type="10" schemaName="msdyn_wallsavedquery_wallsavedqueryusersettings" solution="ActivityFeedsCore (6.0.0.1018)" />
        <Dependent key="24" type="2" schemaName="msdyn_wallsavedqueryidname" parentSchemaName="msdyn_wallsavedqueryusersettings" parentDisplayName="Filter" />
      </MissingDependency>
      <MissingDependency>
        <Required key="116" type="10" schemaName="msdyn_systemuser_wallsavedqueryusersettings_userid" solution="ActivityFeedsCore (6.0.0.1018)" />
        <Dependent key="25" type="2" schemaName="msdyn_useridname" parentSchemaName="msdyn_wallsavedqueryusersettings" parentDisplayName="Filter" />
      </MissingDependency>
      <MissingDependency>
        <Required key="118" type="10" schemaName="msdyn_postconfig_msdyn_postruleconfig" solution="ActivityFeedsCore (6.0.0.1018)" />
        <Dependent key="96" type="2" schemaName="msdyn_postconfigidname" parentSchemaName="msdyn_postruleconfig" parentDisplayName="Post Rule Configuration" />
      </MissingDependency>
      <MissingDependency>
        <Required key="117" type="10" schemaName="msdyn_postconfig_wallsavedquery" solution="ActivityFeedsCore (6.0.0.1018)" />
        <Dependent key="33" type="2" schemaName="msdyn_postconfigurationidname" parentSchemaName="msdyn_wallsavedquery" parentDisplayName="Wall View" />
      </MissingDependency>
      <MissingDependency>
        <Required key="116" type="10" schemaName="msdyn_systemuser_wallsavedqueryusersettings_userid" solution="ActivityFeedsCore (6.0.0.1018)" />
        <Dependent key="29" type="2" schemaName="msdyn_useridyominame" parentSchemaName="msdyn_wallsavedqueryusersettings" parentDisplayName="Filter" />
      </MissingDependency>
      <MissingDependency>
        <Required key="127" type="61" schemaName="msdyn_/RecordWall.htm" displayName="msdyn_/RecordWall.htm" solution="ActivityFeedsCore (6.0.0.1018)" />
        <Dependent key="127" type="61" schemaName="msdyn_/RecordWall.htm" displayName="msdyn_/RecordWall.htm" />
      </MissingDependency>
      <MissingDependency>
        <Required key="128" type="61" schemaName="msdyn_/ActivityFeeds.Form.js" displayName="msdyn_/ActivityFeeds.Form.js" solution="ActivityFeedsCore (6.0.0.1018)" />
        <Dependent key="128" type="61" schemaName="msdyn_/ActivityFeeds.Form.js" displayName="msdyn_/ActivityFeeds.Form.js" />
      </MissingDependency>
      <MissingDependency>
        <Required key="127" type="61" schemaName="msdyn_/RecordWall.htm" displayName="msdyn_/RecordWall.htm" solution="ActivityFeedsCore (6.0.0.1018)" />
        <Dependent key="129" type="60" parentDisplayName="Contact" id="{894cc46a-b0cb-4ab0-8bf6-200544e46a2d}" />
      </MissingDependency>
      <MissingDependency>
        <Required key="127" type="61" schemaName="msdyn_/RecordWall.htm" displayName="msdyn_/RecordWall.htm" solution="ActivityFeedsCore (6.0.0.1018)" />
        <Dependent key="130" type="60" parentDisplayName="User" id="{c0d7d7dd-afd0-4675-85fe-1cc5a48be6df}" />
      </MissingDependency>
      <MissingDependency>
        <Required key="128" type="61" schemaName="msdyn_/ActivityFeeds.Form.js" displayName="msdyn_/ActivityFeeds.Form.js" solution="ActivityFeedsCore (6.0.0.1018)" />
        <Dependent key="129" type="60" parentDisplayName="Contact" id="{894cc46a-b0cb-4ab0-8bf6-200544e46a2d}" />
      </MissingDependency>
      <MissingDependency>
        <Required key="128" type="61" schemaName="msdyn_/ActivityFeeds.Form.js" displayName="msdyn_/ActivityFeeds.Form.js" solution="ActivityFeedsCore (6.0.0.1018)" />
        <Dependent key="130" type="60" parentDisplayName="User" id="{c0d7d7dd-afd0-4675-85fe-1cc5a48be6df}" />
      </MissingDependency>
    </MissingDependencies>
  </SolutionManifest>
</ImportExportXml>